chemsys,source,n_points,dip_method,dip_cell_length,E_min,E_expected,delta_E,left_x,right_x,baseline_slope
Cu-S,Cu2S_581212_POSCAR,35,local_max_drop,16.682157534,-1.2258802054789,-0.895035423506398,-0.330844781972502,14.894784,29.193776,0.0638336
Cu-S,Cu39S20_685126_POSCAR,35,local_max_drop,11.6878180989,-0.526620626297,-0.3919104523524105,-0.1347101739445895,10.435552,20.453682,0.04006243
Cu-S,Cu7S4_624299_POSCAR,35,local_max_drop,10.963010856,-0.35162773683073,-0.26892745144889746,-0.08270028538183255,10.179939,19.185269,0.02913211
Cu-S,Cu9S5_684710_POSCAR,35,local_max_drop,9.0955301419,-0.25064813549698,-0.17084085096624915,-0.07980728453073085,8.121009,15.917178,0.02235338
