chemsys,source,n_points,dip_method,dip_cell_length,E_min,E_expected,delta_E,left_x,right_x,baseline_slope
Ta-O,Ta10O9_685006_POSCAR,35,local_max_drop,23.388281563,-0.19353274065326,-0.10000369181851156,-0.09352904883474845,20.162312,39.518131,0.00488837
Ta-O,Ta11O2_673681_POSCAR,35,local_max_drop,13.7340285324,-0.43627836545709,-0.18038044489849134,-0.2558979205585986,11.83968,23.205772,0.01454059
Ta-O,Ta22O21_684943_POSCAR,35,local_max_drop,4.2447995409,-0.32856205361643,-0.1786348886916989,-0.14992716492473107,3.65931,7.172248,0.04864109
Ta-O,Ta6O_1218065_POSCAR,35,local_max_drop,7.089789761,-0.25350033503167,-0.10166741690617248,-0.15183291812549754,6.111888,11.9793,0.01593332
Ta-O,TaO2_510_POSCAR,35,local_max_drop,14.774155769,-0.22338728687536,-0.16515476707059804,-0.05823251980476196,14.264702,24.963229,0.01321108
Ta-O,TaO2_683983_POSCAR,35,local_max_drop,17.1691344152,-0.17736851712931,-0.10630359906443457,-0.07106491806487544,14.879916,28.04292,0.00720335
