chemsys,source,n_points,dip_method,dip_cell_length,E_min,E_expected,delta_E,left_x,right_x,baseline_slope
Pd-O,Pd7O8_1219936_POSCAR,35,local_max_drop,7.1951275,-0.17195602551199,-0.11479215061160813,-0.057163874900381856,6.907322,14.10245,0.01547848
Pd-O,Pd7O8_684657_POSCAR,35,local_max_drop,7.23243375,-1.0339057598992,-0.667987100851687,-0.3659186590475131,6.943136,14.17557,0.08933446
Pd-O,PdO_10728_POSCAR,35,global_gradient_fallback,3.3412299101,-0.034104126289319,-0.03404189643826402,-6.222985105498041e-05,2.227487,6.821678,0.00948242
