chemsys,source,n_points,dip_method,dip_cell_length,E_min,E_expected,delta_E,left_x,right_x,baseline_slope
Rh-O,Rh2O3_1179690_POSCAR,35,local_max_drop,3.9812435,-0.2006161969243,-0.1073138705975134,-0.09330232632678659,3.521869,7.503113,0.02710053
Rh-O,Rh2O3_1189664_POSCAR,35,local_max_drop,3.75801795,-0.17160266370137,-0.090013312894376,-0.081589350806994,3.201275,6.820107,0.02547567
Rh-O,Rh2O3_1716_POSCAR,35,local_max_drop,7.004331684,-0.19746616567793,-0.11226924049256998,-0.08519692518536001,5.966653,12.711565,0.01738308
Rh-O,Rh2O3_613620_POSCAR,35,local_max_drop,6.9711779115,-0.3812321494183,-0.21424811342039565,-0.16698403599790437,5.938411,12.651397,0.03311805
